SIGMA SIGMA690955B18 Lens,500000,https://www.elkjop.no/product/outlet/sigma-sigma690955b18-lens/185835,https://via.placeholder.com/1000x1000.jpg?text=No+image!,2024/03/05 17:41:37
LG Signature vinskap LSR200W,44998,https://www.elkjop.no/product/outlet/lg-signature-vinskap-lsr200w/414348,https://www.elkjop.no/image/dv_web_D180001002467598/414348/lg-signature-vinskap-lsr200w--plp_product-tile-250.jpg,2024/03/05 17:41:37
Miele kombinert ovn DGC7541OBSW innebygd,29248,https://www.elkjop.no/product/outlet/miele-kombinert-ovn-dgc7541obsw-innebygd/246099,https://www.elkjop.no/image/dv_web_D180001002281386/246099/miele-kombinert-ovn-dgc7541obsw-innebygd--plp_product-tile-250.jpg,2024/03/05 17:41:37
Asko Professional oppvaskmaskin DWCFS5936S - 400v,28498,https://www.elkjop.no/product/outlet/asko-professional-oppvaskmaskin-dwcfs5936s-400v/536164,https://www.elkjop.no/image/DV_PNG_D180001002748387/536164/asko-professional-oppvaskmaskin-dwcfs5936s-400v--plp_product-tile-250.png,2024/03/05 17:41:37
Sony 77” A80K 4K OLED TV (2022),24994,https://www.elkjop.no/product/outlet/sony-77-a80k-4k-oled-tv-2022/717334,https://www.elkjop.no/image/dv_web_D1800010021036573/717334/sony-77-a80k-4k-oled-tv-2022--plp_product-tile-250.jpg,2024/03/05 17:41:38
"Samsung 75"" QN900B 8K Neo QLED TV (2022)",23934,https://www.elkjop.no/product/outlet/samsung-75-qn900b-8k-neo-qled-tv-2022/614530,https://www.elkjop.no/image/dv_web_D180001002947553/614530/samsung-75-qn900b-8k-neo-qled-tv-2022--plp_product-tile-250.jpg,2024/03/05 17:41:38
"Samsung 65"" The Terrace LST7T 4K QLED TV (2021)",19994,https://www.elkjop.no/product/outlet/samsung-65-the-terrace-lst7t-4k-qled-tv-2021/741794,https://www.elkjop.no/image/dv_web_D180001002797501/741794/samsung-65-the-terrace-lst7t-4k-qled-tv-2021--plp_product-tile-250.jpg,2024/03/05 17:41:38
Asko oppvaskmaskin DWC5926W,19748,https://www.elkjop.no/product/outlet/asko-oppvaskmaskin-dwc5926w/386741,https://www.elkjop.no/image/dv_web_D18000100224031/386741/asko-oppvaskmaskin-dwc5926w--plp_product-tile-250.jpg,2024/03/05 17:41:38
EICO5803 Phantom 80 N A,19498,https://www.elkjop.no/product/outlet/eico5803-phantom-80-n-a/599880,https://www.elkjop.no/image/dv_web_D1800012771394/599880/eico5803-phantom-80-n-a--plp_product-tile-250.jpg,2024/03/05 17:41:38
Miele ventilator DA 6698 W Purist. Ed.6000 (ObsidianSort),18950,https://www.elkjop.no/product/outlet/miele-ventilator-da-6698-w-purist-ed6000-obsidiansort/610534,https://www.elkjop.no/image/dv_web_D1800010021522722/610534/miele-ventilator-da-6698-w-purist-ed6000-obsidiansort--plp_product-tile-250.jpg,2024/03/05 17:41:38
Weber Genesis E-425s gassgrill 36310069,14696,https://www.elkjop.no/product/outlet/weber-genesis-e-425s-gassgrill-36310069/647509,https://www.elkjop.no/image/dv_web_D1800010021104504/647509/weber-genesis-e-425s-gassgrill-36310069--plp_product-tile-250.jpg,2024/03/05 17:41:39
Electrolux Professional myPro vaskemaskin WE170V,14248,https://www.elkjop.no/product/outlet/electrolux-professional-mypro-vaskemaskin-we170v/744363,https://www.elkjop.no/image/dv_web_D180001002767591/744363/electrolux-professional-mypro-vaskemaskin-we170v--plp_product-tile-250.jpg,2024/03/05 17:41:39
Weber SmokeFire EX6 GBS pelletsgrill 23511004,13984,https://www.elkjop.no/product/outlet/weber-smokefire-ex6-gbs-pelletsgrill-23511004/504242,https://www.elkjop.no/image/dv_web_D1800010021409060/504242/weber-smokefire-ex6-gbs-pelletsgrill-23511004--plp_product-tile-250.jpg,2024/03/05 17:41:39
Electrolux ventilator IHPL1240WE integrert,13719,https://www.elkjop.no/product/outlet/electrolux-ventilator-ihpl1240we-integrert/208055,https://www.elkjop.no/image/dv_web_D18000100252629/208055/electrolux-ventilator-ihpl1240we-integrert--plp_product-tile-250.jpg,2024/03/05 17:41:39
Miele kombiskap KFN29683DBRWS,13479,https://www.elkjop.no/product/outlet/miele-kombiskap-kfn29683dbrws/671817,https://www.elkjop.no/image/dv_web_D18000100299188/671817/miele-kombiskap-kfn29683dbrws--plp_product-tile-250.jpg,2024/03/05 17:41:39
Miele ventilator DA 9298 W Screen blbo (Blackboard),13014,https://www.elkjop.no/product/outlet/miele-ventilator-da-9298-w-screen-blbo-blackboard/748490,https://www.elkjop.no/image/dv_web_D1800010021522455/748490/miele-ventilator-da-9298-w-screen-blbo-blackboard--plp_product-tile-250.jpg,2024/03/05 17:41:39
Weber Genesis II E410 gassgrill 62010169,12599,https://www.elkjop.no/product/outlet/weber-genesis-ii-e410-gassgrill-62010169/167132,https://www.elkjop.no/image/dv_web_D180001002196759/167132/weber-genesis-ii-e410-gassgrill-62010169--plp_product-tile-250.jpg,2024/03/05 17:41:40
Whirlpool platetopp med integrert ventilator WVH 92 K F KIT/1,12144,https://www.elkjop.no/product/outlet/whirlpool-platetopp-med-integrert-ventilator-wvh-92-k-f-kit1/674412,https://www.elkjop.no/image/dv_web_D1800010021079156/674412/whirlpool-platetopp-med-integrert-ventilator-wvh-92-k-f-kit1--plp_product-tile-250.jpg,2024/03/05 17:41:40
THERMEX 423.19.4168.3 Hood,11598,https://www.elkjop.no/product/outlet/thermex-4231941683-hood/617212,https://via.placeholder.com/1000x1000.jpg?text=No+image!,2024/03/05 17:41:40
Electrolux stekeovn EVY9841AOX,11493,https://www.elkjop.no/product/outlet/electrolux-stekeovn-evy9841aox/190086,https://www.elkjop.no/image/dv_web_D180001002156761/190086/electrolux-stekeovn-evy9841aox--plp_product-tile-250.jpg,2024/03/05 17:41:40
"HP EliteBook 840 G8 14"" bærbar PC i7/16/512GB (sølv)",10994,https://www.elkjop.no/product/outlet/hp-elitebook-840-g8-14-barbar-pc-i716512gb-solv/745101,https://www.elkjop.no/image/dv_web_D1800010021071931/745101/hp-elitebook-840-g8-14-barbar-pc-i716512gb-solv--plp_product-tile-250.jpg,2024/03/05 17:41:40
Franke Maris platetopp med ventilator FMA839HI,10748,https://www.elkjop.no/product/outlet/franke-maris-platetopp-med-ventilator-fma839hi/723896,https://www.elkjop.no/image/dv_web_D180001002784624/723896/franke-maris-platetopp-med-ventilator-fma839hi--plp_product-tile-250.jpg,2024/03/05 17:41:41
Bosch HomeProfessional vaskemaskin WAXH2E0LSN (hvit),10497,https://www.elkjop.no/product/outlet/bosch-homeprofessional-vaskemaskin-waxh2e0lsn-hvit/727138,https://www.elkjop.no/image/dv_web_D1800010021455198/727138/bosch-homeprofessional-vaskemaskin-waxh2e0lsn-hvit--plp_product-tile-250.jpg,2024/03/05 17:41:41
Grohe Red II Mono C blandebatteri med kokefunksjon (børstet krom),9998,https://www.elkjop.no/product/outlet/grohe-red-ii-mono-c-blandebatteri-med-kokefunksjon-borstet-krom/728969,https://www.elkjop.no/image/dv_web_D180001002337927/728969/grohe-red-ii-mono-c-blandebatteri-med-kokefunksjon-borstet-krom--plp_product-tile-250.jpg,2024/03/05 17:41:41
Electrolux induksjonstopp 890PMF integrert,9495,https://www.elkjop.no/product/outlet/electrolux-induksjonstopp-890pmf-integrert/491388,https://www.elkjop.no/image/dv_web_D1800010021446524/491388/electrolux-induksjonstopp-890pmf-integrert--plp_product-tile-250.jpg,2024/03/05 17:41:41
TCL 65   C82 4K UHD Miniled Smart TV 65C825 (2021),8995,https://www.elkjop.no/product/outlet/tcl-65-c82-4k-uhd-miniled-smart-tv-65c825-2021/554237,https://www.elkjop.no/image/dv_web_D180001002819910/554237/tcl-65-c82-4k-uhd-miniled-smart-tv-65c825-2021--plp_product-tile-250.jpg,2024/03/05 17:41:41
De Dietrich DOP 8574 A,8798,https://www.elkjop.no/product/outlet/de-dietrich-dop-8574-a/745217,https://via.placeholder.com/1000x1000.jpg?text=No+image!,2024/03/05 17:41:41
Weber Genesis II E310 gassgrill 61010169 (sort),8748,https://www.elkjop.no/product/outlet/weber-genesis-ii-e310-gassgrill-61010169-sort/496244,https://www.elkjop.no/image/dv_web_D1800010021041683/496244/weber-genesis-ii-e310-gassgrill-61010169-sort--plp_product-tile-250.jpg,2024/03/05 17:41:42
Polycom Studio USB-videokonferansesystem (sort),8295,https://www.elkjop.no/product/outlet/polycom-studio-usb-videokonferansesystem-sort/594500,https://www.elkjop.no/image/dv_web_D180001002314555/594500/polycom-studio-usb-videokonferansesystem-sort--plp_product-tile-250.jpg,2024/03/05 17:41:42
THERMEX HOOD STD 55CM BLACK ST,8008,https://www.elkjop.no/product/outlet/thermex-hood-std-55cm-black-st/412147,https://via.placeholder.com/1000x1000.jpg?text=No+image!,2024/03/05 17:41:42
WITT HOOD WALL 60CM 600M3,7999,https://www.elkjop.no/product/outlet/witt-hood-wall-60cm-600m3/651777,https://via.placeholder.com/1000x1000.jpg?text=No+image!,2024/03/05 17:41:42
Electrolux induksjonstopp 690PMF integrert,7998,https://www.elkjop.no/product/outlet/electrolux-induksjonstopp-690pmf-integrert/562556,https://www.elkjop.no/image/dv_web_D1800010021090649/562556/electrolux-induksjonstopp-690pmf-integrert--plp_product-tile-250.jpg,2024/03/05 17:41:42
{{ productName }},7744,https://www.elkjop.no/product/outlet/electrolux-integrert-stekeovn-oos1085nz/458937,https://www.elkjop.no/image/dv_web_D180001002486689/458937/electrolux-integrert-stekeovn-oos1085nz--plp_product-tile-250.jpg,2024/03/05 17:41:43
Temptech Premium vinskap WP180SCS,7596,https://www.elkjop.no/product/outlet/temptech-premium-vinskap-wp180scs/650244,https://www.elkjop.no/image/dv_web_D1800010021113852/650244/temptech-premium-vinskap-wp180scs--plp_product-tile-250.jpg,2024/03/05 17:41:43
Grohe Red Duo C-tut Medium varmtvannsbereder,7500,https://www.elkjop.no/product/outlet/grohe-red-duo-c-tut-medium-varmtvannsbereder/403170,https://www.elkjop.no/image/dv_web_D180001002235041/403170/grohe-red-duo-c-tut-medium-varmtvannsbereder--plp_product-tile-250.jpg,2024/03/05 17:41:43
Brandt BIF 1784 FN Integrated freezer on slides,7500,https://www.elkjop.no/product/outlet/brandt-bif-1784-fn-integrated-freezer-on-slides/594777,https://via.placeholder.com/1000x1000.jpg?text=No+image!,2024/03/05 17:41:43
Temptech Sommelier vinskap SOMX60SRB (sort),7494,https://www.elkjop.no/product/outlet/temptech-sommelier-vinskap-somx60srb-sort/570391,https://www.elkjop.no/image/dv_web_D180001002994360/570391/temptech-sommelier-vinskap-somx60srb-sort--plp_product-tile-250.jpg,2024/03/05 17:41:43
Miele Mikrobølgeovn M 2224 SC (ObsidianSort),7298,https://www.elkjop.no/product/outlet/miele-mikrobolgeovn-m-2224-sc-obsidiansort/280641,https://www.elkjop.no/image/dv_web_D18000100527801/280641/miele-mikrobolgeovn-m-2224-sc-obsidiansort--plp_product-tile-250.jpg,2024/03/05 17:41:43
BenQ InstaShow WDC10C møteromsløsning til projektor/PC,7248,https://www.elkjop.no/product/outlet/benq-instashow-wdc10c-moteromslosning-til-projektorpc/635972,https://www.elkjop.no/image/dv_web_D180001002496774/635972/benq-instashow-wdc10c-moteromslosning-til-projektorpc--plp_product-tile-250.jpg,2024/03/05 17:41:44
Bosch Kombi-dampovn CSG856NC1 (Carbon Black),7219,https://www.elkjop.no/product/outlet/bosch-kombi-dampovn-csg856nc1-carbon-black/739453,https://www.elkjop.no/image/dv_web_D1800010021572016/739453/bosch-kombi-dampovn-csg856nc1-carbon-black--plp_product-tile-250.jpg,2024/03/05 17:41:44
THERMEX 423.19.6801.8 Hood,6843,https://www.elkjop.no/product/outlet/thermex-4231968018-hood/727304,https://via.placeholder.com/1000x1000.jpg?text=No+image!,2024/03/05 17:41:44
Gorenje Retro Collection kjøleskap ORB153BK,6748,https://www.elkjop.no/product/outlet/gorenje-retro-collection-kjoleskap-orb153bk/494132,https://www.elkjop.no/image/DV_PNG_D18000100263754/494132/gorenje-retro-collection-kjoleskap-orb153bk--plp_product-tile-250.png,2024/03/05 17:41:44
Asko tørketrommel TDC111 VG,6339,https://www.elkjop.no/product/outlet/asko-torketrommel-tdc111-vg/579941,https://www.elkjop.no/image/dv_web_D1800010021191176/579941/asko-torketrommel-tdc111-vg--plp_product-tile-250.jpg,2024/03/05 17:41:44
Crem ThermoKinetic DM4-4 kaffetrakter,6314,https://www.elkjop.no/product/outlet/crem-thermokinetic-dm4-4-kaffetrakter/448346,https://www.elkjop.no/image/dv_web_D180001002527969/448346/crem-thermokinetic-dm4-4-kaffetrakter--plp_product-tile-250.jpg,2024/03/05 17:41:44
"Philips 55"" OLED804 4K UHD Smart TV 55OLED804/12",6299,https://www.elkjop.no/product/outlet/philips-55-oled804-4k-uhd-smart-tv-55oled80412/287283,https://www.elkjop.no/image/dv_web_D180001002468279/287283/philips-55-oled804-4k-uhd-smart-tv-55oled80412--plp_product-tile-250.jpg,2024/03/05 17:41:45
Samsung Galaxy Z Flip4 smarttelefon 8/128GB (Blue),6194,https://www.elkjop.no/product/outlet/samsung-galaxy-z-flip4-smarttelefon-8128gb-blue/616663,https://www.elkjop.no/image/dv_web_D1800010021117353/616663/samsung-galaxy-z-flip4-smarttelefon-8128gb-blue--plp_product-tile-250.jpg,2024/03/05 17:41:45
"Opptil 75 km rekkevidde, 600 watt motor,",6000,https://www.elkjop.no/product/outlet/opptil-75-km-rekkevidde-600-watt-motor/728897,https://via.placeholder.com/1000x1000.jpg?text=No+image!,2024/03/05 17:41:45
Electrolux Oppvaskmaskin ESM89310UW,5998,https://www.elkjop.no/product/outlet/electrolux-oppvaskmaskin-esm89310uw/465569,https://www.elkjop.no/image/DV_PNG_D180001002796004/465569/electrolux-oppvaskmaskin-esm89310uw--plp_product-tile-250.png,2024/03/05 17:41:45
Witt Vision 80 ventilator (sort),5997,https://www.elkjop.no/product/outlet/witt-vision-80-ventilator-sort/145645,https://www.elkjop.no/image/dv_web_D18000100272612/145645/witt-vision-80-ventilator-sort--plp_product-tile-250.jpg,2024/03/05 17:42:26
Bosch kjøleskap med fryser KIL82VSF0 innebygd,5859,https://www.elkjop.no/product/outlet/bosch-kjoleskap-med-fryser-kil82vsf0-innebygd/613217,https://www.elkjop.no/image/dv_web_D1800010021580401/613217/bosch-kjoleskap-med-fryser-kil82vsf0-innebygd--plp_product-tile-250.jpg,2024/03/05 17:42:27
LG kombiskap GBV5140DSW,5748,https://www.elkjop.no/product/outlet/lg-kombiskap-gbv5140dsw/742506,https://www.elkjop.no/image/dv_web_D1800010021489431/742506/lg-kombiskap-gbv5140dsw--plp_product-tile-250.jpg,2024/03/05 17:42:27
Electrolux ventilator EFV716K,5648,https://www.elkjop.no/product/outlet/electrolux-ventilator-efv716k/504972,https://www.elkjop.no/image/DV_PNG_D180001002319295/504972/electrolux-ventilator-efv716k--plp_product-tile-250.png,2024/03/05 17:42:27
Samsung Infinite Line kompaktovn NQ50T9939BD,5609,https://www.elkjop.no/product/outlet/samsung-infinite-line-kompaktovn-nq50t9939bd/577625,https://www.elkjop.no/image/dv_web_D180001002707200/577625/samsung-infinite-line-kompaktovn-nq50t9939bd--plp_product-tile-250.jpg,2024/03/05 17:42:27
"Philips 55"" OLED805 4K UHD Smart-TV 55OLED805/12",5589,https://www.elkjop.no/product/outlet/philips-55-oled805-4k-uhd-smart-tv-55oled80512/379351,https://www.elkjop.no/image/dv_web_D180001002672487/379351/philips-55-oled805-4k-uhd-smart-tv-55oled80512--plp_product-tile-250.jpg,2024/03/05 17:42:27
Yamaha NS-777 gulvhøyttaler (2 stk./blank sort),5495,https://www.elkjop.no/product/outlet/yamaha-ns-777-gulvhoyttaler-2-stkblank-sort/543285,https://www.elkjop.no/image/dv_web_D1800010021777597/543285/yamaha-ns-777-gulvhoyttaler-2-stkblank-sort--plp_product-tile-250.jpg,2024/03/05 17:42:28
Futurehome StrømKontroll (hvit),5493,https://www.elkjop.no/product/outlet/futurehome-stromkontroll-hvit/720497,https://www.elkjop.no/image/dv_web_D1800010021224590/720497/futurehome-stromkontroll-hvit--plp_product-tile-250.jpg,2024/03/05 17:42:28
Smeg ventilator KSED95XE (rustfritt stål),5348,https://www.elkjop.no/product/outlet/smeg-ventilator-ksed95xe-rustfritt-stal/751303,https://www.elkjop.no/image/dv_web_D180001002629785/751303/smeg-ventilator-ksed95xe-rustfritt-stal--plp_product-tile-250.jpg,2024/03/05 17:42:28
SAMSUNG AR09KSFSQWKXEE H-P,5296,https://www.elkjop.no/product/outlet/samsung-ar09ksfsqwkxee-h-p/453238,https://via.placeholder.com/1000x1000.jpg?text=No+image!,2024/03/05 17:42:28
WITT HOOD 90CM. 58DB.STEEL A,5250,https://www.elkjop.no/product/outlet/witt-hood-90cm-58dbsteel-a/687430,https://via.placeholder.com/1000x1000.jpg?text=No+image!,2024/03/05 17:42:28
WITT HOOD  MOTOR  EXT.,5250,https://www.elkjop.no/product/outlet/witt-hood-motor-ext/602154,https://via.placeholder.com/1000x1000.jpg?text=No+image!,2024/03/05 17:42:28
Electrolux komfyr LKR66040NW (hvit),5248,https://www.elkjop.no/product/outlet/electrolux-komfyr-lkr66040nw-hvit/599687,https://www.elkjop.no/image/dv_web_D1800010021446513/599687/electrolux-komfyr-lkr66040nw-hvit--plp_product-tile-250.jpg,2024/03/05 17:42:29
Weber Lumin elektrisk grill med stativ 92010853,5243,https://www.elkjop.no/product/outlet/weber-lumin-elektrisk-grill-med-stativ-92010853/647507,https://www.elkjop.no/image/dv_web_D1800010021400686/647507/weber-lumin-elektrisk-grill-med-stativ-92010853--plp_product-tile-250.jpg,2024/03/05 17:42:29
THERMEX P528.21.7000.0 Motors,4997,https://www.elkjop.no/product/outlet/thermex-p5282170000-motors/556034,https://via.placeholder.com/1000x1000.jpg?text=No+image!,2024/03/05 17:42:29
{{ productName }},4954,https://www.elkjop.no/product/outlet/bosch-ventilator-dib091u51/411887,https://www.elkjop.no/image/dv_web_D18000100236709/411887/bosch-ventilator-dib091u51--plp_product-tile-250.jpg,2024/03/05 17:42:29
THERMEX 520.19.2088.3 Hood,4798,https://www.elkjop.no/product/outlet/thermex-5201920883-hood/432429,https://via.placeholder.com/1000x1000.jpg?text=No+image!,2024/03/05 17:42:29
Thermex TFP 780 ventilator,4748,https://www.elkjop.no/product/outlet/thermex-tfp-780-ventilator/589718,https://www.elkjop.no/image/dv_web_D18000100274533/589718/thermex-tfp-780-ventilator--plp_product-tile-250.jpg,2024/03/05 17:42:29
Witt ventilator WIE60GCB2 (sort),4748,https://www.elkjop.no/product/outlet/witt-ventilator-wie60gcb2-sort/611474,https://www.elkjop.no/image/dv_web_D180001002777397/611474/witt-ventilator-wie60gcb2-sort--plp_product-tile-250.jpg,2024/03/05 17:42:30
Smeg ventilator KBT600XE (rustfritt stål),4748,https://www.elkjop.no/product/outlet/smeg-ventilator-kbt600xe-rustfritt-stal/750447,https://www.elkjop.no/image/dv_web_D180001002629784/750447/smeg-ventilator-kbt600xe-rustfritt-stal--plp_product-tile-250.jpg,2024/03/05 17:42:30
Motorola Edge Plus 5G smarttelefon 12/256GB (thunder grey),4744,https://www.elkjop.no/product/outlet/motorola-edge-plus-5g-smarttelefon-12256gb-thunder-grey/272902,https://www.elkjop.no/image/dv_web_D180001002449302/272902/motorola-edge-plus-5g-smarttelefon-12256gb-thunder-grey--plp_product-tile-250.jpg,2024/03/05 17:42:30
Yamaha NS-555 høyttalere (2 stk./blank sort),4645,https://www.elkjop.no/product/outlet/yamaha-ns-555-hoyttalere-2-stkblank-sort/253173,https://www.elkjop.no/image/dv_web_D1800010021777598/253173/yamaha-ns-555-hoyttalere-2-stkblank-sort--plp_product-tile-250.jpg,2024/03/05 17:42:30
Brandt stekeovn BOP7568BB,4594,https://www.elkjop.no/product/outlet/brandt-stekeovn-bop7568bb/591641,https://www.elkjop.no/image/dv_web_D180001002936254/591641/brandt-stekeovn-bop7568bb--plp_product-tile-250.jpg,2024/03/05 17:42:30
AMD Ryzen™ 9 3950X prosessor (eske),4439,https://www.elkjop.no/product/outlet/amd-ryzenT-9-3950x-prosessor-eske/748282,https://www.elkjop.no/image/dv_web_D180001002314505/748282/amd-ryzenT-9-3950x-prosessor-eske--plp_product-tile-250.jpg,2024/03/05 17:42:30
OnePlus 9 Pro 5G smarttelefon 8/128GB (stellar black),4344,https://www.elkjop.no/product/outlet/oneplus-9-pro-5g-smarttelefon-8128gb-stellar-black/512503,https://www.elkjop.no/image/dv_web_D180001002718957/512503/oneplus-9-pro-5g-smarttelefon-8128gb-stellar-black--plp_product-tile-250.jpg,2024/03/05 17:42:31
OKI 44973510 Toner,4295,https://www.elkjop.no/product/outlet/oki-44973510-toner/485311,https://via.placeholder.com/1000x1000.jpg?text=No+image!,2024/03/05 17:42:31
Smeg Linea stekeovn SFP6101TVSSK1,4244,https://www.elkjop.no/product/outlet/smeg-linea-stekeovn-sfp6101tvssk1/510853,https://www.elkjop.no/image/dv_web_D180001002490507/510853/smeg-linea-stekeovn-sfp6101tvssk1--plp_product-tile-250.jpg,2024/03/05 17:42:31
De Dietrich stekeovn DOP7350A,4154,https://www.elkjop.no/product/outlet/de-dietrich-stekeovn-dop7350a/727257,https://www.elkjop.no/image/dv_web_D1800010021104511/727257/de-dietrich-stekeovn-dop7350a--plp_product-tile-250.jpg,2024/03/05 17:42:31
Xiaomi 12 LDU 5G smarttelefon 8/128GB (gray),4029,https://www.elkjop.no/product/outlet/xiaomi-12-ldu-5g-smarttelefon-8128gb-gray/613269,https://www.elkjop.no/image/dv_web_D180001002955758/613269/xiaomi-12-ldu-5g-smarttelefon-8128gb-gray--plp_product-tile-250.jpg,2024/03/05 17:42:31
Wood’s Air Condition Venezia 18K aircondition,3999,https://www.elkjop.no/product/outlet/woods-air-condition-venezia-18k-aircondition/204358,https://www.elkjop.no/image/dv_web_D180001002224485/204358/woods-air-condition-venezia-18k-aircondition--plp_product-tile-250.jpg,2024/03/05 17:42:31
AEG vaskemaskin L6TNE621G,3998,https://www.elkjop.no/product/outlet/aeg-vaskemaskin-l6tne621g/720013,https://www.elkjop.no/image/dv_web_D1800010021750304/720013/aeg-vaskemaskin-l6tne621g--plp_product-tile-250.jpg,2024/03/05 17:42:32
Thermex TFP 580 ventilator,3998,https://www.elkjop.no/product/outlet/thermex-tfp-580-ventilator/633794,https://www.elkjop.no/image/dv_web_D18000100274636/633794/thermex-tfp-580-ventilator--plp_product-tile-250.jpg,2024/03/05 17:42:32
THERMEX 423.19.6602.0 Hood,3934,https://www.elkjop.no/product/outlet/thermex-4231966020-hood/462980,https://via.placeholder.com/1000x1000.jpg?text=No+image!,2024/03/05 17:42:32
Sony Xperia 5 III – 5G smarttelefon (sort),3844,https://www.elkjop.no/product/outlet/sony-xperia-5-iii-5g-smarttelefon-sort/527025,https://www.elkjop.no/image/dv_web_D180001002841922/527025/sony-xperia-5-iii-5g-smarttelefon-sort--plp_product-tile-250.jpg,2024/03/05 17:42:32
RØROS HOODS,3824,https://www.elkjop.no/product/outlet/roros-hoods/586774,https://via.placeholder.com/1000x1000.jpg?text=No+image!,2024/03/05 17:42:32
Bosch oppvaskmaskin SPV2IKX10E,3748,https://www.elkjop.no/product/outlet/bosch-oppvaskmaskin-spv2ikx10e/653124,https://www.elkjop.no/image/dv_web_D1800010021455201/653124/bosch-oppvaskmaskin-spv2ikx10e--plp_product-tile-250.jpg,2024/03/05 17:42:32
SIEMENS HOB INDUCTION 80CM BRI,3598,https://www.elkjop.no/product/outlet/siemens-hob-induction-80cm-bri/568302,https://via.placeholder.com/1000x1000.jpg?text=No+image!,2024/03/05 17:42:33
Blanco blandebatteri Saga,3594,https://www.elkjop.no/product/outlet/blanco-blandebatteri-saga/173565,https://www.elkjop.no/image/dv_web_D18000100290284/173565/blanco-blandebatteri-saga--plp_product-tile-250.jpg,2024/03/05 17:42:33
RØROS VENTILATOR INT,3516,https://www.elkjop.no/product/outlet/roros-ventilator-int/590983,https://via.placeholder.com/1000x1000.jpg?text=No+image!,2024/03/05 17:42:33
Domair Tank Mobil aircondition DOMAIRTANK,3499,https://www.elkjop.no/product/outlet/domair-tank-mobil-aircondition-domairtank/352041,https://www.elkjop.no/image/dv_web_D180001002482212/352041/domair-tank-mobil-aircondition-domairtank--plp_product-tile-250.jpg,2024/03/05 17:42:33
Blanco Subline 500-U kjøkkenvask (antrasitt),3498,https://www.elkjop.no/product/outlet/blanco-subline-500-u-kjokkenvask-antrasitt/573559,https://via.placeholder.com/1000x1000.jpg?text=No+image!,2024/03/05 17:42:33
Electrolux ventilator EFF60560OW (hvit),3498,https://www.elkjop.no/product/outlet/electrolux-ventilator-eff60560ow-hvit/705734,https://www.elkjop.no/image/dv_web_D18000100242620/705734/electrolux-ventilator-eff60560ow-hvit--plp_product-tile-250.jpg,2024/03/05 17:42:33
FCC BBQ X-Grill Elite gassgrill FCC20224930,3497,https://www.elkjop.no/product/outlet/fcc-bbq-x-grill-elite-gassgrill-fcc20224930/501585,https://www.elkjop.no/image/dv_web_D180001002772728/501585/fcc-bbq-x-grill-elite-gassgrill-fcc20224930--plp_product-tile-250.jpg,2024/03/05 17:42:34
Motorola Edge 30 Fusion smarttelefon 8/128GB (opal white),3495,https://www.elkjop.no/product/outlet/motorola-edge-30-fusion-smarttelefon-8128gb-opal-white/607629,https://www.elkjop.no/image/dv_web_D1800010021115246/607629/motorola-edge-30-fusion-smarttelefon-8128gb-opal-white--plp_product-tile-250.jpg,2024/03/05 17:42:34
Asus Zenfone 8 5G smarttelefon 8/128GB (obsidian black),3494,https://www.elkjop.no/product/outlet/asus-zenfone-8-5g-smarttelefon-8128gb-obsidian-black/455962,https://www.elkjop.no/image/dv_web_D180001002760923/455962/asus-zenfone-8-5g-smarttelefon-8128gb-obsidian-black--plp_product-tile-250.jpg,2024/03/05 17:42:34
Smeg Classic varmeskuff CPR115S (sølv),3454,https://www.elkjop.no/product/outlet/smeg-classic-varmeskuff-cpr115s-solv/521963,https://www.elkjop.no/image/dv_web_D180001002315589/521963/smeg-classic-varmeskuff-cpr115s-solv--plp_product-tile-250.jpg,2024/03/05 17:42:34
Epoq LeMans karusell venstre 120 (krom/antracite),3450,https://www.elkjop.no/product/outlet/epoq-lemans-karusell-venstre-120-kromantracite/146076,https://www.elkjop.no/image/dv_web_D1800010021745719/146076/epoq-lemans-karusell-venstre-120-kromantracite--plp_product-tile-250.jpg,2024/03/05 17:42:34
{{ productName }},3400,https://www.elkjop.no/product/outlet/epoq-lemans-arena-pure-karusell-venstre-hjorne-anthracite/412768,https://www.elkjop.no/image/dv_web_D1800012552444/412768/epoq-lemans-arena-pure-karusell-venstre-hjorne-anthracite--plp_product-tile-250.jpg,2024/03/05 17:42:34
Epoq LeMans Arena Pure karusell høyre hjørne (anthracite),3400,https://www.elkjop.no/product/outlet/epoq-lemans-arena-pure-karusell-hoyre-hjorne-anthracite/342055,https://www.elkjop.no/image/dv_web_D1800012552442/342055/epoq-lemans-arena-pure-karusell-hoyre-hjorne-anthracite--plp_product-tile-250.jpg,2024/03/05 17:41:54
Electrolux Well P7 portabel aircondition WP71-265WT,3399,https://www.elkjop.no/product/outlet/electrolux-well-p7-portabel-aircondition-wp71-265wt/354444,https://www.elkjop.no/image/dv_web_D1800010021580355/354444/electrolux-well-p7-portabel-aircondition-wp71-265wt--plp_product-tile-250.jpg,2024/03/05 17:41:55
Blanco Zenar kjøkkenvask XL 6 S høyre (antracit),3398,https://www.elkjop.no/product/outlet/blanco-zenar-kjokkenvask-xl-6-s-hoyre-antracit/431941,https://www.elkjop.no/image/dv_web_D18000100242866/431941/blanco-zenar-kjokkenvask-xl-6-s-hoyre-antracit--plp_product-tile-250.jpg,2024/03/05 17:41:55
SAMSUNG AR09KSFSQWKNEE H-P,3334,https://www.elkjop.no/product/outlet/samsung-ar09ksfsqwknee-h-p/453237,https://via.placeholder.com/1000x1000.jpg?text=No+image!,2024/03/05 17:41:55
Fibaro Home Center 2,3275,https://www.elkjop.no/product/outlet/fibaro-home-center-2/297616,https://www.elkjop.no/image/dv_web_D180001002264202/297616/fibaro-home-center-2--plp_product-tile-250.jpg,2024/03/05 17:41:55
V-Breathe Tasman luftrenser TAS0000001SIL (sølv),3247,https://www.elkjop.no/product/outlet/v-breathe-tasman-luftrenser-tas0000001sil-solv/734176,https://www.elkjop.no/image/dv_web_D180001002783795/734176/v-breathe-tasman-luftrenser-tas0000001sil-solv--plp_product-tile-250.jpg,2024/03/05 17:41:55
MIELE ACCESSORIES   W1 + T1,3220,https://www.elkjop.no/product/outlet/miele-accessories-w1-t1/618880,https://via.placeholder.com/1000x1000.jpg?text=No+image!,2024/03/05 17:41:56
Weber Master-Touch GBS Premium E-5770 kullgrill 17301004,3183,https://www.elkjop.no/product/outlet/weber-master-touch-gbs-premium-e-5770-kullgrill-17301004/352015,https://www.elkjop.no/image/dv_web_D180001002209711/352015/weber-master-touch-gbs-premium-e-5770-kullgrill-17301004--plp_product-tile-250.jpg,2024/03/05 17:41:56
AEG fryser ABE888E1LF innebygd,3129,https://www.elkjop.no/product/outlet/aeg-fryser-abe888e1lf-innebygd/558196,https://www.elkjop.no/image/dv_web_D1800010021423508/558196/aeg-fryser-abe888e1lf-innebygd--plp_product-tile-250.jpg,2024/03/05 17:41:56
Electrolux ventilator EFF90560OK (sort),3078,https://www.elkjop.no/product/outlet/electrolux-ventilator-eff90560ok-sort/454593,https://www.elkjop.no/image/dv_web_D18000100241939/454593/electrolux-ventilator-eff90560ok-sort--plp_product-tile-250.jpg,2024/03/05 17:41:56
XIAOMI MZB0CG5EU Smartphone,2844,https://www.elkjop.no/product/outlet/xiaomi-mzb0cg5eu-smartphone/613268,https://via.placeholder.com/1000x1000.jpg?text=No+image!,2024/03/05 17:41:56
SIGMA HAMA300030B18 SLR Lenses,2759,https://www.elkjop.no/product/outlet/sigma-hama300030b18-slr-lenses/732251,https://via.placeholder.com/1000x1000.jpg?text=No+image!,2024/03/05 17:41:57
Blanco blandebatteri Linus S Hvit,2750,https://www.elkjop.no/product/outlet/blanco-blandebatteri-linus-s-hvit/742441,https://www.elkjop.no/image/dv_web_D180001002235033/742441/blanco-blandebatteri-linus-s-hvit--plp_product-tile-250.jpg,2024/03/05 17:41:57
Grohe Essence blandebatteri m. L-kran og hånddusj (cool sunrise),2750,https://www.elkjop.no/product/outlet/grohe-essence-blandebatteri-m-l-kran-og-handdusj-cool-sunrise/281174,https://www.elkjop.no/image/dv_web_D180001002334340/281174/grohe-essence-blandebatteri-m-l-kran-og-handdusj-cool-sunrise--plp_product-tile-250.jpg,2024/03/05 17:41:57
Samsung Galaxy XCover Pro smarttelefon (sort),2749,https://www.elkjop.no/product/outlet/samsung-galaxy-xcover-pro-smarttelefon-sort/606167,https://www.elkjop.no/image/dv_web_D180001002364026/606167/samsung-galaxy-xcover-pro-smarttelefon-sort--plp_product-tile-250.jpg,2024/03/05 17:41:57
Bosch fryseskap GTV15NWEA,2748,https://www.elkjop.no/product/outlet/bosch-fryseskap-gtv15nwea/738952,https://www.elkjop.no/image/dv_web_D1800010021455526/738952/bosch-fryseskap-gtv15nwea--plp_product-tile-250.jpg,2024/03/05 17:41:57
One For All Falcon universalt TV-stativ (mørk brun),2745,https://www.elkjop.no/product/outlet/one-for-all-falcon-universalt-tv-stativ-mork-brun/383043,https://www.elkjop.no/image/dv_web_D180001002412059/383043/one-for-all-falcon-universalt-tv-stativ-mork-brun--plp_product-tile-250.jpg,2024/03/05 17:41:58
One For All Falcon universalt TV-stativ (lys brun),2745,https://www.elkjop.no/product/outlet/one-for-all-falcon-universalt-tv-stativ-lys-brun/500332,https://www.elkjop.no/image/dv_web_D180001002412142/500332/one-for-all-falcon-universalt-tv-stativ-lys-brun--plp_product-tile-250.jpg,2024/03/05 17:41:58
Suunto 9 Peak multisportsklokke  43mm (birch white titanium),2645,https://www.elkjop.no/product/outlet/suunto-9-peak-multisportsklokke-43mm-birch-white-titanium/737492,https://www.elkjop.no/image/dv_web_D180001002754842/737492/suunto-9-peak-multisportsklokke-43mm-birch-white-titanium--plp_product-tile-250.jpg,2024/03/05 17:41:58
Electrolux tørkeskap DC3500TWR,2629,https://www.elkjop.no/product/outlet/electrolux-torkeskap-dc3500twr/497760,https://www.elkjop.no/image/dv_web_D180001002234985/497760/electrolux-torkeskap-dc3500twr--plp_product-tile-250.jpg,2024/03/05 17:41:58
Xiaomi Mi 11i 5G smarttelefon 8/256GB (frosty white),2609,https://www.elkjop.no/product/outlet/xiaomi-mi-11i-5g-smarttelefon-8256gb-frosty-white/453835,https://www.elkjop.no/image/dv_web_D180001002741857/453835/xiaomi-mi-11i-5g-smarttelefon-8256gb-frosty-white--plp_product-tile-250.jpg,2024/03/05 17:41:58
Thermex Super Silent ventilator SUPSIL5IN,2507,https://www.elkjop.no/product/outlet/thermex-super-silent-ventilator-supsil5in/495539,https://www.elkjop.no/image/dv_web_D18000100275363/495539/thermex-super-silent-ventilator-supsil5in--plp_product-tile-250.jpg,2024/03/05 17:41:58
Crolla Venezia-S blandeapparat (messing),2498,https://www.elkjop.no/product/outlet/crolla-venezia-s-blandeapparat-messing/509131,https://www.elkjop.no/image/dv_web_D1800010021196153/509131/crolla-venezia-s-blandeapparat-messing--plp_product-tile-250.jpg,2024/03/05 17:41:59
Sandstrøm aircondition SAC10C22E,2498,https://www.elkjop.no/product/outlet/sandstrom-aircondition-sac10c22e/504554,https://www.elkjop.no/image/dv_web_D180001002930652/504554/sandstrom-aircondition-sac10c22e--plp_product-tile-250.jpg,2024/03/05 17:41:59
Acer Revo RN96 i3/8/256 desktop,2498,https://www.elkjop.no/product/outlet/acer-revo-rn96-i38256-desktop/740000,https://www.elkjop.no/image/dv_web_D180001002748611/740000/acer-revo-rn96-i38256-desktop--plp_product-tile-250.jpg,2024/03/05 17:41:59
Mora REXX K6 blandebatteri,2498,https://www.elkjop.no/product/outlet/mora-rexx-k6-blandebatteri/282062,https://www.elkjop.no/image/dv_web_D18000100242127/282062/mora-rexx-k6-blandebatteri--plp_product-tile-250.jpg,2024/03/05 17:41:59
Weber Original Kettle E-5730 kullgrill 14201004,2449,https://www.elkjop.no/product/outlet/weber-original-kettle-e-5730-kullgrill-14201004/206807,https://www.elkjop.no/image/dv_web_D180001002209709/206807/weber-original-kettle-e-5730-kullgrill-14201004--plp_product-tile-250.jpg,2024/03/05 17:41:59
Electrolux ventilator EFP60565OX,2447,https://www.elkjop.no/product/outlet/electrolux-ventilator-efp60565ox/497571,https://www.elkjop.no/image/dv_web_D18000100242190/497571/electrolux-ventilator-efp60565ox--plp_product-tile-250.jpg,2024/03/05 17:42:00
Sony Xperia 10 IV - 5G smarttelefon 6/128GB (sort),2424,https://www.elkjop.no/product/outlet/sony-xperia-10-iv-5g-smarttelefon-6128gb-sort/612697,https://www.elkjop.no/image/dv_web_D180001002997721/612697/sony-xperia-10-iv-5g-smarttelefon-6128gb-sort--plp_product-tile-250.jpg,2024/03/05 17:42:00
Samsung Galaxy Watch4 Classic 46mm LTE (sort),2344,https://www.elkjop.no/product/outlet/samsung-galaxy-watch4-classic-46mm-lte-sort/502034,https://www.elkjop.no/image/dv_web_D180001002803079/502034/samsung-galaxy-watch4-classic-46mm-lte-sort--plp_product-tile-250.jpg,2024/03/05 17:42:00
Thermex ventilator Central CV1200 50,2314,https://www.elkjop.no/product/outlet/thermex-ventilator-central-cv1200-50/410240,https://www.elkjop.no/image/dv_web_D180001002305380/410240/thermex-ventilator-central-cv1200-50--plp_product-tile-250.jpg,2024/03/05 17:42:00
Acer Chromebook Spin 513 Q/4/64 2-i-1,2301,https://www.elkjop.no/product/outlet/acer-chromebook-spin-513-q464-2-i-1/599741,https://www.elkjop.no/image/dv_web_D180001002714701/599741/acer-chromebook-spin-513-q464-2-i-1--plp_product-tile-250.jpg,2024/03/05 17:42:00
Bosch Series 4 ventilator DWB66FM50,2273,https://www.elkjop.no/product/outlet/bosch-series-4-ventilator-dwb66fm50/447828,https://www.elkjop.no/image/dv_web_D180001002226771/447828/bosch-series-4-ventilator-dwb66fm50--plp_product-tile-250.jpg,2024/03/05 17:42:01
THERMEX VENTILATOR  STD 60CM WHITE,2247,https://www.elkjop.no/product/outlet/thermex-ventilator-std-60cm-white/432442,https://via.placeholder.com/1000x1000.jpg?text=No+image!,2024/03/05 17:42:01
Hisense induksjonstopp IHS846S,2184,https://www.elkjop.no/product/outlet/hisense-induksjonstopp-ihs846s/409169,https://www.elkjop.no/image/dv_web_D180001002767148/409169/hisense-induksjonstopp-ihs846s--plp_product-tile-250.jpg,2024/03/05 17:42:01
Thermex Central 60 ventilator CV1200,2134,https://www.elkjop.no/product/outlet/thermex-central-60-ventilator-cv1200/490992,https://www.elkjop.no/image/dv_web_D180001002283192/490992/thermex-central-60-ventilator-cv1200--plp_product-tile-250.jpg,2024/03/05 17:42:01
Domair portabel aircondition DOM100380,2099,https://www.elkjop.no/product/outlet/domair-portabel-aircondition-dom100380/204077,https://www.elkjop.no/image/dv_web_D180001002261799/204077/domair-portabel-aircondition-dom100380--plp_product-tile-250.jpg,2024/03/05 17:42:01
"Yamaha høyttalerpar NS-333, 2 stk (blank sort)",2045,https://www.elkjop.no/product/outlet/yamaha-hoyttalerpar-ns-333-2-stk-blank-sort/214761,https://www.elkjop.no/image/dv_web_D18000100259479/214761/yamaha-hoyttalerpar-ns-333-2-stk-blank-sort--plp_product-tile-250.jpg,2024/03/05 17:42:01
Blanco Dalago 8 kjøkkenvask (perlegrå),2019,https://www.elkjop.no/product/outlet/blanco-dalago-8-kjokkenvask-perlegra/459283,https://www.elkjop.no/image/dv_web_D180001002249014/459283/blanco-dalago-8-kjokkenvask-perlegra--plp_product-tile-250.jpg,2024/03/05 17:42:02
Apt Breeze 9000,2000,https://www.elkjop.no/product/outlet/apt-breeze-9000/632818,https://www.elkjop.no/image/dv_web_D1800010021398911/632818/apt-breeze-9000--plp_product-tile-250.jpg,2024/03/05 17:42:02
Severin iskremmaskin EZ7405,1998,https://www.elkjop.no/product/outlet/severin-iskremmaskin-ez7405/498269,https://www.elkjop.no/image/dv_web_D1800010021104179/498269/severin-iskremmaskin-ez7405--plp_product-tile-250.jpg,2024/03/05 17:42:02
{{ productName }},1995,https://www.elkjop.no/product/outlet/jays-s-living-three-smarthoyttaler-concrete-white/417441,https://www.elkjop.no/image/dv_web_D180001002457473/417441/jays-s-living-three-smarthoyttaler-concrete-white--plp_product-tile-250.jpg,2024/03/05 17:42:02
Barco ClickShare Tray holder + 2 (gen. 2) knapper (sort),1995,https://www.elkjop.no/product/outlet/barco-clickshare-tray-holder-2-gen-2-knapper-sort/563412,https://www.elkjop.no/image/dv_web_D180001002924871/563412/barco-clickshare-tray-holder-2-gen-2-knapper-sort--plp_product-tile-250.jpg,2024/03/05 17:42:03
Jays s-Living Three smarthøyttaler (graphite black),1995,https://www.elkjop.no/product/outlet/jays-s-living-three-smarthoyttaler-graphite-black/417728,https://www.elkjop.no/image/dv_web_D180001002457477/417728/jays-s-living-three-smarthoyttaler-graphite-black--plp_product-tile-250.jpg,2024/03/05 17:42:03
"TomTom GO Discover 7"" GPS (sort)",1899,https://www.elkjop.no/product/outlet/tomtom-go-discover-7-gps-sort/619163,https://www.elkjop.no/image/dv_web_D180001002680343/619163/tomtom-go-discover-7-gps-sort--plp_product-tile-250.jpg,2024/03/05 17:42:03
"Camper 780 EU-MT, GPS camping-navigasjon",1895,https://www.elkjop.no/product/outlet/camper-780-eu-mt-gps-camping-navigasjon/297252,https://www.elkjop.no/image/dv_web_D180001002225158/297252/camper-780-eu-mt-gps-camping-navigasjon--plp_product-tile-250.jpg,2024/03/05 17:42:03
Epoq Silver kjøkkenvask 54x44cm,1850,https://www.elkjop.no/product/outlet/epoq-silver-kjokkenvask-54x44cm/573549,https://www.elkjop.no/image/dv_web_D180001002235004/573549/epoq-silver-kjokkenvask-54x44cm--plp_product-tile-250.jpg,2024/03/05 17:42:03
Apt Breeze 7000,1750,https://www.elkjop.no/product/outlet/apt-breeze-7000/648504,https://www.elkjop.no/image/dv_web_D1800010021398910/648504/apt-breeze-7000--plp_product-tile-250.jpg,2024/03/05 17:42:03
Damixa Clover DM blandebatteri,1750,https://www.elkjop.no/product/outlet/damixa-clover-dm-blandebatteri/218092,https://www.elkjop.no/image/dv_web_D18000100241985/218092/damixa-clover-dm-blandebatteri--plp_product-tile-250.jpg,2024/03/05 17:42:12
Blanco Livia såpedispenser (mangan),1750,https://www.elkjop.no/product/outlet/blanco-livia-sapedispenser-mangan/581724,https://www.elkjop.no/image/dv_web_D180001002803495/581724/blanco-livia-sapedispenser-mangan--plp_product-tile-250.jpg,2024/03/05 17:42:12
Yamaha bokhyllehøyttaler NS-P350WH (hvit)- 3pk,1749,https://www.elkjop.no/product/outlet/yamaha-bokhyllehoyttaler-ns-p350wh-hvit-3pk/177177,https://www.elkjop.no/image/dv_web_D18000100263261/177177/yamaha-bokhyllehoyttaler-ns-p350wh-hvit-3pk--plp_product-tile-250.jpg,2024/03/05 17:42:12
"Grohe Essence blandebatteri med 1/2"" kran (krom)",1749,https://www.elkjop.no/product/outlet/grohe-essence-blandebatteri-med-12-kran-krom/601979,https://www.elkjop.no/image/dv_web_D180001002334233/601979/grohe-essence-blandebatteri-med-12-kran-krom--plp_product-tile-250.jpg,2024/03/05 17:42:12
SIEMENS LB75564 Hood,1749,https://www.elkjop.no/product/outlet/siemens-lb75564-hood/483956,https://via.placeholder.com/1000x1000.jpg?text=No+image!,2024/03/05 17:42:12
Audio Pro C5 MKII høyttaler 15271 (hvit),1745,https://www.elkjop.no/product/outlet/audio-pro-c5-mkii-hoyttaler-15271-hvit/540644,https://www.elkjop.no/image/dv_web_D1800010021105015/540644/audio-pro-c5-mkii-hoyttaler-15271-hvit--plp_product-tile-250.jpg,2024/03/05 17:42:13
JURA koppvarmer 72229,1745,https://www.elkjop.no/product/outlet/jura-koppvarmer-72229/327797,https://www.elkjop.no/image/dv_web_D18000100249799/327797/jura-koppvarmer-72229--plp_product-tile-250.jpg,2024/03/05 17:42:13
"Nextbase Click 9 Lite Duo Deluxe - 9"" bærbar DVD-spiller (2-pakning)",1745,https://www.elkjop.no/product/outlet/nextbase-click-9-lite-duo-deluxe-9-barbar-dvd-spiller-2-pakning/439663,https://www.elkjop.no/image/dv_web_D180001002465047/439663/nextbase-click-9-lite-duo-deluxe-9-barbar-dvd-spiller-2-pakning--plp_product-tile-250.jpg,2024/03/05 17:42:13
"Philips Hue Being pendellampe 33,5W (hvit)",1680,https://www.elkjop.no/product/outlet/philips-hue-being-pendellampe-335w-hvit/753919,https://www.elkjop.no/image/dv_web_D180001002846922/753919/philips-hue-being-pendellampe-335w-hvit--plp_product-tile-250.jpg,2024/03/05 17:42:13
Epoq Karusell overskap 60 cm,1650,https://www.elkjop.no/product/outlet/epoq-karusell-overskap-60-cm/205233,https://www.elkjop.no/image/dv_web_D180001002153474/205233/epoq-karusell-overskap-60-cm--plp_product-tile-250.jpg,2024/03/05 17:42:13
Sigma 50mm f/2.8 DG EX Macro S,1647,https://www.elkjop.no/product/outlet/sigma-50mm-f28-dg-ex-macro-s/596069,https://via.placeholder.com/1000x1000.jpg?text=No+image!,2024/03/05 17:42:13
Yamaha Micro HiFi-system MCR-B270D (sort),1645,https://www.elkjop.no/product/outlet/yamaha-micro-hifi-system-mcr-b270d-sort/539167,https://www.elkjop.no/image/dv_web_D180001002227075/539167/yamaha-micro-hifi-system-mcr-b270d-sort--plp_product-tile-250.jpg,2024/03/05 17:42:14
Bose SoundLink Revolve II Plus trådløs høyttaler (triple black),1645,https://www.elkjop.no/product/outlet/bose-soundlink-revolve-ii-plus-tradlos-hoyttaler-triple-black/593958,https://www.elkjop.no/image/dv_web_D180001002673706/593958/bose-soundlink-revolve-ii-plus-tradlos-hoyttaler-triple-black--plp_product-tile-250.jpg,2024/03/05 17:42:14
Neato Botvac D4+ Connected robotstøvsuger,1629,https://www.elkjop.no/product/outlet/neato-botvac-d4-connected-robotstovsuger/184119,https://www.elkjop.no/image/dv_web_D180001002207060/184119/neato-botvac-d4-connected-robotstovsuger--plp_product-tile-250.jpg,2024/03/05 17:42:14
Nespresso Vertuo kapselmaskin GCA1BK (sort),1594,https://www.elkjop.no/product/outlet/nespresso-vertuo-kapselmaskin-gca1bk-sort/351615,https://www.elkjop.no/image/dv_web_D18000100247881/351615/nespresso-vertuo-kapselmaskin-gca1bk-sort--plp_product-tile-250.jpg,2024/03/05 17:42:14
Philips Hue Enrave pendellampe (hvit),1575,https://www.elkjop.no/product/outlet/philips-hue-enrave-pendellampe-hvit/753913,https://www.elkjop.no/image/dv_web_D180001002857557/753913/philips-hue-enrave-pendellampe-hvit--plp_product-tile-250.jpg,2024/03/05 17:42:14
Damixa Clover Easy DM blandebatteri,1569,https://www.elkjop.no/product/outlet/damixa-clover-easy-dm-blandebatteri/479684,https://www.elkjop.no/image/dv_web_D18000100242134/479684/damixa-clover-easy-dm-blandebatteri--plp_product-tile-250.jpg,2024/03/05 17:42:15
EVOline BackFlip stikkontakt (sort),1500,https://www.elkjop.no/product/outlet/evoline-backflip-stikkontakt-sort/676045,https://www.elkjop.no/image/dv_web_D1800010021237937/676045/evoline-backflip-stikkontakt-sort--plp_product-tile-250.jpg,2024/03/05 17:42:15
Blanco blandebatteri Linus S Alumetall,1500,https://www.elkjop.no/product/outlet/blanco-blandebatteri-linus-s-alumetall/457289,https://www.elkjop.no/image/dv_web_D180001002317224/457289/blanco-blandebatteri-linus-s-alumetall--plp_product-tile-250.jpg,2024/03/05 17:42:15
Epoq Dispensa Junior Classic 30 uttrekkbar oppbevaring (krom),1498,https://www.elkjop.no/product/outlet/epoq-dispensa-junior-classic-30-uttrekkbar-oppbevaring-krom/602001,https://www.elkjop.no/image/dv_web_D180001001340524/602001/epoq-dispensa-junior-classic-30-uttrekkbar-oppbevaring-krom--plp_product-tile-250.jpg,2024/03/05 17:42:15
Electrolux Well A5 luftrenser WA51303WT (hvit),1495,https://www.elkjop.no/product/outlet/electrolux-well-a5-luftrenser-wa51303wt-hvit/436555,https://www.elkjop.no/image/dv_web_D1800010021446892/436555/electrolux-well-a5-luftrenser-wa51303wt-hvit--plp_product-tile-250.jpg,2024/03/05 17:42:15
{{ productName }},1495,https://www.elkjop.no/product/outlet/jays-s-living-one-smarthoyttaler-graphite-black/417437,https://www.elkjop.no/image/dv_web_D180001002456711/417437/jays-s-living-one-smarthoyttaler-graphite-black--plp_product-tile-250.jpg,2024/03/05 17:42:16
{{ productName }},1495,https://www.elkjop.no/product/outlet/jays-s-living-one-smarthoyttaler-concrete-white/417440,https://www.elkjop.no/image/dv_web_D180001002456721/417440/jays-s-living-one-smarthoyttaler-concrete-white--plp_product-tile-250.jpg,2024/03/05 17:42:16
Sharp 24” 24BI2EA HD Ready LED TV (2021),1495,https://www.elkjop.no/product/outlet/sharp-24-24bi2ea-hd-ready-led-tv-2021/704059,https://www.elkjop.no/image/dv_web_D1800010021334303/704059/sharp-24-24bi2ea-hd-ready-led-tv-2021--plp_product-tile-250.jpg,2024/03/05 17:42:16
Audio Pro Addon C3 aktiv høyttaler (sort),1495,https://www.elkjop.no/product/outlet/audio-pro-addon-c3-aktiv-hoyttaler-sort/257282,https://www.elkjop.no/image/dv_web_D18000100236073/257282/audio-pro-addon-c3-aktiv-hoyttaler-sort--plp_product-tile-250.jpg,2024/03/05 17:42:16
Aura Air Mini luftrenser,1494,https://www.elkjop.no/product/outlet/aura-air-mini-luftrenser/507103,https://www.elkjop.no/image/dv_web_D180001002755792/507103/aura-air-mini-luftrenser--plp_product-tile-250.jpg,2024/03/05 17:42:16
Polaroid Music P4 trådløs bærbar høyttaler (gul/hvit),1445,https://www.elkjop.no/product/outlet/polaroid-music-p4-tradlos-barbar-hoyttaler-gulhvit/606897,https://www.elkjop.no/image/dv_web_D1800010021328845/606897/polaroid-music-p4-tradlos-barbar-hoyttaler-gulhvit--plp_product-tile-250.jpg,2024/03/05 17:42:16
Ring Alarm Security sikkerhetssett i fem deler (2. gen.),1445,https://www.elkjop.no/product/outlet/ring-alarm-security-sikkerhetssett-i-fem-deler-2-gen/587350,https://www.elkjop.no/image/dv_web_D180001002819541/587350/ring-alarm-security-sikkerhetssett-i-fem-deler-2-gen--plp_product-tile-250.jpg,2024/03/05 17:42:17
Polar Vantage V multisportssklokke (blå),1434,https://www.elkjop.no/product/outlet/polar-vantage-v-multisportssklokke-bla/703310,https://www.elkjop.no/image/dv_web_D180001002293272/703310/polar-vantage-v-multisportssklokke-bla--plp_product-tile-250.jpg,2024/03/05 17:42:17
Damixa Silhouet blandebatteri (matt sort),1422,https://www.elkjop.no/product/outlet/damixa-silhouet-blandebatteri-matt-sort/581727,https://www.elkjop.no/image/dv_web_D180001002317588/581727/damixa-silhouet-blandebatteri-matt-sort--plp_product-tile-250.jpg,2024/03/05 17:42:17
EICO HOOD TEL 60 SS INOX,1398,https://www.elkjop.no/product/outlet/eico-hood-tel-60-ss-inox/705906,https://via.placeholder.com/1000x1000.jpg?text=No+image!,2024/03/05 17:42:17
Long Life Filter For Eico E24 90 cm,1390,https://www.elkjop.no/product/outlet/long-life-filter-for-eico-e24-90-cm/558203,https://via.placeholder.com/1000x1000.jpg?text=No+image!,2024/03/05 17:42:17
Bosch varmeskuff BIC630NW1 (hvit),1389,https://www.elkjop.no/product/outlet/bosch-varmeskuff-bic630nw1-hvit/652517,https://www.elkjop.no/image/dv_web_D180001002234952/652517/bosch-varmeskuff-bic630nw1-hvit--plp_product-tile-250.jpg,2024/03/05 17:42:18
Homely boligalarm startpakke,1369,https://www.elkjop.no/product/outlet/homely-boligalarm-startpakke/278874,https://www.elkjop.no/image/dv_web_D180001002267711/278874/homely-boligalarm-startpakke--plp_product-tile-250.jpg,2024/03/05 17:42:18
Bosch Serie 6 ProSilence støvsuger BGL6SIL2,1350,https://www.elkjop.no/product/outlet/bosch-serie-6-prosilence-stovsuger-bgl6sil2/299236,https://www.elkjop.no/image/dv_web_D1800010021580540/299236/bosch-serie-6-prosilence-stovsuger-bgl6sil2--plp_product-tile-250.jpg,2024/03/05 17:42:18
SIGMAF16921,1350,https://www.elkjop.no/product/outlet/sigmaf16921/595971,https://via.placeholder.com/1000x1000.jpg?text=No+image!,2024/03/05 17:42:18
Duux Edge Smart 2000 W panelovn 25653 (grå),1350,https://www.elkjop.no/product/outlet/duux-edge-smart-2000-w-panelovn-25653-gra/600668,https://www.elkjop.no/image/dv_web_D1800010021198430/600668/duux-edge-smart-2000-w-panelovn-25653-gra--plp_product-tile-250.jpg,2024/03/05 17:42:18
Epoq Classic 15 uttrekkbar oppbevaring (grå),1350,https://www.elkjop.no/product/outlet/epoq-classic-15-uttrekkbar-oppbevaring-gra/603988,https://www.elkjop.no/image/dv_web_D180001255430/603988/epoq-classic-15-uttrekkbar-oppbevaring-gra--plp_product-tile-250.jpg,2024/03/05 17:42:18
Duux Edge Smart 2000 W panelovn 25655 (hvit),1350,https://www.elkjop.no/product/outlet/duux-edge-smart-2000-w-panelovn-25655-hvit/600669,https://www.elkjop.no/image/dv_web_D1800010021208111/600669/duux-edge-smart-2000-w-panelovn-25655-hvit--plp_product-tile-250.jpg,2024/03/05 17:42:19
Siemens integrert stekeovn HB173FBS0,1349,https://www.elkjop.no/product/outlet/siemens-integrert-stekeovn-hb173fbs0/205923,https://www.elkjop.no/image/dv_web_D180001002261216/205923/siemens-integrert-stekeovn-hb173fbs0--plp_product-tile-250.jpg,2024/03/05 17:42:19
Epoq belysning startsett,1344,https://www.elkjop.no/product/outlet/epoq-belysning-startsett/742543,https://via.placeholder.com/1000x1000.jpg?text=No+image!,2024/03/05 17:42:19
"Media Mount 108"" projektorlerret",1324,https://www.elkjop.no/product/outlet/media-mount-108-projektorlerret/749607,https://www.elkjop.no/image/dv_web_D180001002303135/749607/media-mount-108-projektorlerret--plp_product-tile-250.jpg,2024/03/05 17:42:19
WITT HOB GRILL 46CM,1304,https://www.elkjop.no/product/outlet/witt-hob-grill-46cm/592420,https://via.placeholder.com/1000x1000.jpg?text=No+image!,2024/03/05 17:42:19
Neato D8 robotstøvsuger,1294,https://www.elkjop.no/product/outlet/neato-d8-robotstovsuger/419270,https://www.elkjop.no/image/dv_web_D180001002796006/419270/neato-d8-robotstovsuger--plp_product-tile-250.jpg,2024/03/05 17:42:19
Sony Xperia Ear Duo headsett (gull),1254,https://www.elkjop.no/product/outlet/sony-xperia-ear-duo-headsett-gull/281492,https://www.elkjop.no/image/dv_web_D18000100278593/281492/sony-xperia-ear-duo-headsett-gull--plp_product-tile-250.jpg,2024/03/05 17:42:20
Microsoft Surface Pro 8/9 Type deksel (sort),1254,https://www.elkjop.no/product/outlet/microsoft-surface-pro-89-type-deksel-sort/613276,https://www.elkjop.no/image/dv_web_D180001002895676/613276/microsoft-surface-pro-89-type-deksel-sort--plp_product-tile-250.jpg,2024/03/05 17:42:20
Mora MMIX K5 blandebatteri,1250,https://www.elkjop.no/product/outlet/mora-mmix-k5-blandebatteri/457290,https://www.elkjop.no/image/dv_web_D18000100241979/457290/mora-mmix-k5-blandebatteri--plp_product-tile-250.jpg,2024/03/05 17:42:20
Damixa Clover Easy blandebatteri,1250,https://www.elkjop.no/product/outlet/damixa-clover-easy-blandebatteri/244923,https://www.elkjop.no/image/dv_web_D18000100242126/244923/damixa-clover-easy-blandebatteri--plp_product-tile-250.jpg,2024/03/05 17:42:20
Epoq Silver kjøkkenvask 78x48 cm,1250,https://www.elkjop.no/product/outlet/epoq-silver-kjokkenvask-78x48-cm/736657,https://www.elkjop.no/image/dv_web_D180001002317424/736657/epoq-silver-kjokkenvask-78x48-cm--plp_product-tile-250.jpg,2024/03/05 17:42:40
WellO2 Care pusteapparat,1248,https://www.elkjop.no/product/outlet/wello2-care-pusteapparat/379335,https://www.elkjop.no/image/dv_web_D180001002707757/379335/wello2-care-pusteapparat--plp_product-tile-250.jpg,2024/03/05 17:42:40
Poly V7200M Voyager Focus 2 Teams stereoheadset,1245,https://www.elkjop.no/product/outlet/poly-v7200m-voyager-focus-2-teams-stereoheadset/414807,https://www.elkjop.no/image/dv_web_D180001002815568/414807/poly-v7200m-voyager-focus-2-teams-stereoheadset--plp_product-tile-250.jpg,2024/03/05 17:42:40
HP Envy Pro 6432e Inkjet AIO printer,1245,https://www.elkjop.no/product/outlet/hp-envy-pro-6432e-inkjet-aio-printer/455683,https://www.elkjop.no/image/dv_web_D1800010021558503/455683/hp-envy-pro-6432e-inkjet-aio-printer--plp_product-tile-250.jpg,2024/03/05 17:42:41
Yamaha senterhøyttaler NSC444B (blank sort),1245,https://www.elkjop.no/product/outlet/yamaha-senterhoyttaler-nsc444b-blank-sort/144092,https://www.elkjop.no/image/dv_web_D18000100263267/144092/yamaha-senterhoyttaler-nsc444b-blank-sort--plp_product-tile-250.jpg,2024/03/05 17:42:41
Grass Sensomatic elektrisk skuffestyring,1215,https://www.elkjop.no/product/outlet/grass-sensomatic-elektrisk-skuffestyring/205996,https://www.elkjop.no/image/dv_web_D180001002153156/205996/grass-sensomatic-elektrisk-skuffestyring--plp_product-tile-250.jpg,2024/03/05 17:42:41
KitchenAid frukt/grønnsakspresse 5FVSFGA,1198,https://www.elkjop.no/product/outlet/kitchenaid-fruktgronnsakspresse-5fvsfga/143882,https://www.elkjop.no/image/dv_web_D18000100225894/143882/kitchenaid-fruktgronnsakspresse-5fvsfga--plp_product-tile-250.jpg,2024/03/05 17:42:41
Flexson veggfeste for Sonos PLAYBAR (sort),1195,https://www.elkjop.no/product/outlet/flexson-veggfeste-for-sonos-playbar-sort/177657,https://www.elkjop.no/image/dv_web_D18000100243583/177657/flexson-veggfeste-for-sonos-playbar-sort--plp_product-tile-250.jpg,2024/03/05 17:42:41
Corsair Virtuoso RGB trådløst gaming headset,1195,https://www.elkjop.no/product/outlet/corsair-virtuoso-rgb-tradlost-gaming-headset/382939,https://www.elkjop.no/image/dv_web_D180001002282484/382939/corsair-virtuoso-rgb-tradlost-gaming-headset--plp_product-tile-250.jpg,2024/03/05 17:42:42
DJI Action 2 Front Touchscreen Module,1195,https://www.elkjop.no/product/outlet/dji-action-2-front-touchscreen-module/599625,https://www.elkjop.no/image/dv_web_D180001002860254/599625/dji-action-2-front-touchscreen-module--plp_product-tile-250.jpg,2024/03/05 17:42:42
Surface Pro Type deksel (sort),1194,https://www.elkjop.no/product/outlet/surface-pro-type-deksel-sort/430998,https://www.elkjop.no/image/dv_web_D18000100264755/430998/surface-pro-type-deksel-sort--plp_product-tile-250.jpg,2024/03/05 17:42:42
Tre Spade Takaje/ CE vakumpakker F69000/5 (sort),1194,https://www.elkjop.no/product/outlet/tre-spade-takaje-ce-vakumpakker-f690005-sort/733578,https://www.elkjop.no/image/dv_web_D180001002872384/733578/tre-spade-takaje-ce-vakumpakker-f690005-sort--plp_product-tile-250.jpg,2024/03/05 17:42:42
Yamaha subwoofer NSSW200 (sort),1164,https://www.elkjop.no/product/outlet/yamaha-subwoofer-nssw200-sort/204909,https://www.elkjop.no/image/dv_web_D18000100263259/204909/yamaha-subwoofer-nssw200-sort--plp_product-tile-250.jpg,2024/03/05 17:42:42
"Philips Hue Play Gradient lysstripe TV 55""",1160,https://www.elkjop.no/product/outlet/philips-hue-play-gradient-lysstripe-tv-55/540993,https://www.elkjop.no/image/dv_web_D180001002895508/540993/philips-hue-play-gradient-lysstripe-tv-55--plp_product-tile-250.jpg,2024/03/05 17:42:42
Samsung Clean Station rengjøringsstasjon VCASAE904 (hvit),1150,https://www.elkjop.no/product/outlet/samsung-clean-station-rengjoringsstasjon-vcasae904-hvit/528291,https://www.elkjop.no/image/dv_web_D180001002796559/528291/samsung-clean-station-rengjoringsstasjon-vcasae904-hvit--plp_product-tile-250.jpg,2024/03/05 17:42:43
Doro 8080 smarttelefon (sort),1144,https://www.elkjop.no/product/outlet/doro-8080-smarttelefon-sort/415077,https://www.elkjop.no/image/dv_web_D180001002279435/415077/doro-8080-smarttelefon-sort--plp_product-tile-250.jpg,2024/03/05 17:42:43
Heimgard Hub 4G mobilt bredbånd og smarthusmodem,1119,https://www.elkjop.no/product/outlet/heimgard-hub-4g-mobilt-bredband-og-smarthusmodem/340928,https://www.elkjop.no/image/DV_PNG_D180001002477592/340928/heimgard-hub-4g-mobilt-bredband-og-smarthusmodem--plp_product-tile-250.png,2024/03/05 17:42:43
Philips Hue Liane vegglampe 12W 24V (hvit),1110,https://www.elkjop.no/product/outlet/philips-hue-liane-vegglampe-12w-24v-hvit/723928,https://www.elkjop.no/image/dv_web_D180001002844121/723928/philips-hue-liane-vegglampe-12w-24v-hvit--plp_product-tile-250.jpg,2024/03/05 17:42:43
Philips Hue Impress WACA søylelampe (sort),1110,https://www.elkjop.no/product/outlet/philips-hue-impress-waca-soylelampe-sort/735802,https://www.elkjop.no/image/dv_web_D180001002201604/735802/philips-hue-impress-waca-soylelampe-sort--plp_product-tile-250.jpg,2024/03/05 17:42:43
Tado Smart Thermostat StarterKit V3+,1100,https://www.elkjop.no/product/outlet/tado-smart-thermostat-starterkit-v3/320276,https://www.elkjop.no/image/dv_web_D180001002361135/320276/tado-smart-thermostat-starterkit-v3--plp_product-tile-250.jpg,2024/03/05 17:42:43
Segway E22E/E22D eksternt batteri 90710047,1100,https://www.elkjop.no/product/outlet/segway-e22ee22d-eksternt-batteri-90710047/546438,https://www.elkjop.no/image/dv_web_D180001002673170/546438/segway-e22ee22d-eksternt-batteri-90710047--plp_product-tile-250.jpg,2024/03/05 17:42:44
"TomTom GO Premium 5"" GPS (sølv)",1099,https://www.elkjop.no/product/outlet/tomtom-go-premium-5-gps-solv/280871,https://www.elkjop.no/image/dv_web_D180001002209349/280871/tomtom-go-premium-5-gps-solv--plp_product-tile-250.jpg,2024/03/05 17:42:44
Brother blekkpatron TN-326 Cyan,1095,https://www.elkjop.no/product/outlet/brother-blekkpatron-tn-326-cyan/652760,https://www.elkjop.no/image/dv_web_D18000100271586/652760/brother-blekkpatron-tn-326-cyan--plp_product-tile-250.jpg,2024/03/05 17:42:44
Melitta EPOUR kaffemaskin MEL22425 (sort/krom),1095,https://www.elkjop.no/product/outlet/melitta-epour-kaffemaskin-mel22425-sortkrom/408959,https://www.elkjop.no/image/dv_web_D180001002744060/408959/melitta-epour-kaffemaskin-mel22425-sortkrom--plp_product-tile-250.jpg,2024/03/05 17:42:44
HP toner 304A Sort,1095,https://www.elkjop.no/product/outlet/hp-toner-304a-sort/643649,https://www.elkjop.no/image/dv_web_D18000100250342/643649/hp-toner-304a-sort--plp_product-tile-250.jpg,2024/03/05 17:42:44
HP CF259X Toner,1094,https://www.elkjop.no/product/outlet/hp-cf259x-toner/569011,https://via.placeholder.com/1000x1000.jpg?text=No+image!,2024/03/05 17:42:44
Heimgard OMNI Wi-Fi 6 Mesh system (3-pakning),1084,https://www.elkjop.no/product/outlet/heimgard-omni-wi-fi-6-mesh-system-3-pakning/654269,https://www.elkjop.no/image/dv_web_D1800010021328661/654269/heimgard-omni-wi-fi-6-mesh-system-3-pakning--plp_product-tile-250.jpg,2024/03/05 17:42:45
EVOline Port 3 uttak (sort),1050,https://www.elkjop.no/product/outlet/evoline-port-3-uttak-sort/479710,https://www.elkjop.no/image/dv_web_D180001002248967/479710/evoline-port-3-uttak-sort--plp_product-tile-250.jpg,2024/03/05 17:42:45
HP blekkpatron 913A Original PageWide Cyan,1045,https://www.elkjop.no/product/outlet/hp-blekkpatron-913a-original-pagewide-cyan/610718,https://www.elkjop.no/image/dv_web_D18000100244265/610718/hp-blekkpatron-913a-original-pagewide-cyan--plp_product-tile-250.jpg,2024/03/05 17:42:45
HP blekkpatron 913A Original PageWide Magenta,1045,https://www.elkjop.no/product/outlet/hp-blekkpatron-913a-original-pagewide-magenta/750277,https://www.elkjop.no/image/dv_web_D180001002178311/750277/hp-blekkpatron-913a-original-pagewide-magenta--plp_product-tile-250.jpg,2024/03/05 17:42:45
Doro 8080 smarttelefon (hvit),1029,https://www.elkjop.no/product/outlet/doro-8080-smarttelefon-hvit/502598,https://www.elkjop.no/image/dv_web_D180001002280064/502598/doro-8080-smarttelefon-hvit--plp_product-tile-250.jpg,2024/03/05 17:42:45
Epoq Benkehjørneskap 90x70 (melamin hvit),1020,https://www.elkjop.no/product/outlet/epoq-benkehjorneskap-90x70-melamin-hvit/745013,https://www.elkjop.no/image/dv_web_D18000100245388/745013/epoq-benkehjorneskap-90x70-melamin-hvit--plp_product-tile-250.jpg,2024/03/05 17:42:45
Surface Go 2 Signature Type Cover (poppy red),1014,https://www.elkjop.no/product/outlet/surface-go-2-signature-type-cover-poppy-red/314456,https://www.elkjop.no/image/dv_web_D180001002454579/314456/surface-go-2-signature-type-cover-poppy-red--plp_product-tile-250.jpg,2024/03/05 17:42:46
Surface Go 2 Signature Type Cover (ice blue),1014,https://www.elkjop.no/product/outlet/surface-go-2-signature-type-cover-ice-blue/314458,https://www.elkjop.no/image/dv_web_D180001002454580/314458/surface-go-2-signature-type-cover-ice-blue--plp_product-tile-250.jpg,2024/03/05 17:42:46
Philips Hue Adore vegglampe 27W (hvit),1009,https://www.elkjop.no/product/outlet/philips-hue-adore-vegglampe-27w-hvit/497657,https://www.elkjop.no/image/dv_web_D180001002854808/497657/philips-hue-adore-vegglampe-27w-hvit--plp_product-tile-250.jpg,2024/03/05 17:42:46
Electrolux Explore 6 airfryer E6AF16ST,1000,https://www.elkjop.no/product/outlet/electrolux-explore-6-airfryer-e6af16st/684405,https://www.elkjop.no/image/dv_web_D180001002950911/684405/electrolux-explore-6-airfryer-e6af16st--plp_product-tile-250.jpg,2024/03/05 17:42:46
Bosch front til kjøleskap/fryser KSZ1AVG00 (steingrå),1000,https://www.elkjop.no/product/outlet/bosch-front-til-kjoleskapfryser-ksz1avg00-steingra/202873,https://www.elkjop.no/image/dv_web_D18000100299387/202873/bosch-front-til-kjoleskapfryser-ksz1avg00-steingra--plp_product-tile-250.jpg,2024/03/05 17:42:46
Adax Neo panelovn med WiFi H 20 (hvit),1000,https://www.elkjop.no/product/outlet/adax-neo-panelovn-med-wifi-h-20-hvit/310352,https://www.elkjop.no/image/dv_web_D1800010021086252/310352/adax-neo-panelovn-med-wifi-h-20-hvit--plp_product-tile-250.jpg,2024/03/05 17:42:46
Ritter Compact 1 oppskjærsmaskin RIS518010,1000,https://www.elkjop.no/product/outlet/ritter-compact-1-oppskjarsmaskin-ris518010/714161,https://www.elkjop.no/image/dv_web_D180001002838633/714161/ritter-compact-1-oppskjarsmaskin-ris518010--plp_product-tile-250.jpg,2024/03/05 17:42:46
EVOline BackFlip stikkontakt (matt sort),999,https://www.elkjop.no/product/outlet/evoline-backflip-stikkontakt-matt-sort/752998,https://www.elkjop.no/image/dv_web_D180001002750009/752998/evoline-backflip-stikkontakt-matt-sort--plp_product-tile-250.jpg,2024/03/05 17:42:47
Sigma 18-200mm objektiv for Sony,999,https://www.elkjop.no/product/outlet/sigma-18-200mm-objektiv-for-sony/734526,https://www.elkjop.no/image/dv_web_D180001001596823/734526/sigma-18-200mm-objektiv-for-sony--plp_product-tile-250.jpg,2024/03/05 17:42:47
OLYMPUS ZDEZ1818B18 SLR Lenses,998,https://www.elkjop.no/product/outlet/olympus-zdez1818b18-slr-lenses/734237,https://via.placeholder.com/1000x1000.jpg?text=No+image!,2024/03/05 17:42:47
Mora Inxx avstengningskran oppvask til benkeplate,998,https://www.elkjop.no/product/outlet/mora-inxx-avstengningskran-oppvask-til-benkeplate/282065,https://www.elkjop.no/image/dv_web_D18000100241990/282065/mora-inxx-avstengningskran-oppvask-til-benkeplate--plp_product-tile-250.jpg,2024/03/05 17:42:47
HP blekkpatron 973X Original PageWide Magenta,995,https://www.elkjop.no/product/outlet/hp-blekkpatron-973x-original-pagewide-magenta/750278,https://www.elkjop.no/image/dv_web_D18000100244267/750278/hp-blekkpatron-973x-original-pagewide-magenta--plp_product-tile-250.jpg,2024/03/05 17:42:47
Philips TAX7207 partyhøyttaler,995,https://www.elkjop.no/product/outlet/philips-tax7207-partyhoyttaler/540631,https://www.elkjop.no/image/dv_web_D1800010021017953/540631/philips-tax7207-partyhoyttaler--plp_product-tile-250.jpg,2024/03/05 17:42:47
JURA koppvarmer S 24176 (sort),995,https://www.elkjop.no/product/outlet/jura-koppvarmer-s-24176-sort/744700,https://www.elkjop.no/image/dv_web_D180001002802206/744700/jura-koppvarmer-s-24176-sort--plp_product-tile-250.jpg,2024/03/05 17:42:48
Epson blekkpatroner DuraBrite Ultra 27XL Cyan Magenta Gul,995,https://www.elkjop.no/product/outlet/epson-blekkpatroner-durabrite-ultra-27xl-cyan-magenta-gul/408375,https://www.elkjop.no/image/dv_web_D18000100231626/408375/epson-blekkpatroner-durabrite-ultra-27xl-cyan-magenta-gul--plp_product-tile-250.jpg,2024/03/05 17:42:48
Polaroid Music P3 trådløs bærbar høyttaler (rød/hvit),995,https://www.elkjop.no/product/outlet/polaroid-music-p3-tradlos-barbar-hoyttaler-rodhvit/606885,https://www.elkjop.no/image/dv_web_D1800010021148447/606885/polaroid-music-p3-tradlos-barbar-hoyttaler-rodhvit--plp_product-tile-250.jpg,2024/03/05 17:42:48
